<?xml version="1.0" encoding="utf-8" standalone="yes" ?>
<Window size="1001,669" sizebox="4,4,4,4" roundcorner="5,5" caption="0,0,0,-1" mininfo="999,604" bktrans="false">
    <Font name="微软雅黑" size="12" bold="false" italic="false" />
    <Font name="微软雅黑" size="14" bold="false" italic="false" />
    <Font name="微软雅黑" size="16" bold="false" italic="false" />
    <Font name="微软雅黑" size="18" bold="false" italic="false" />
    <Font name="微软雅黑" size="20" bold="false" italic="false" />
	<Font name="微软雅黑" size="24" bold="false" italic="false" />
	<Default name="VScrollBar" value="button1normalimage=&quot;file='scrollbar.bmp' source='0,90,16,106' mask='#FFFF00FF'&quot; button1hotimage=&quot;file='scrollbar.bmp' source='18,90,34,106' mask='#FFFF00FF'&quot; button1pushedimage=&quot;file='scrollbar.bmp' source='36,90,52,106' mask='#FFFF00FF'&quot; button1disabledimage=&quot;file='scrollbar.bmp' source='54,90,70,106' mask='#FFFF00FF'&quot; button2normalimage=&quot;file='scrollbar.bmp' source='0,108,16,124' mask='#FFFF00FF'&quot; button2hotimage=&quot;file='scrollbar.bmp' source='18,108,34,124' mask='#FFFF00FF'&quot; button2pushedimage=&quot;file='scrollbar.bmp' source='36,108,52,124' mask='#FFFF00FF'&quot; button2disabledimage=&quot;file='scrollbar.bmp' source='54,108,70,124' mask='#FFFF00FF'&quot; thumbnormalimage=&quot;file='scrollbar.bmp' source='0,126,16,142' corner='2,2,2,2' mask='#FFFF00FF'&quot; thumbhotimage=&quot;file='scrollbar.bmp' source='18,126,34,142' corner='2,2,2,2' mask='#FFFF00FF'&quot; thumbpushedimage=&quot;file='scrollbar.bmp' source='36,126,52,142' corner='2,2,2,2' mask='#FFFF00FF'&quot; thumbdisabledimage=&quot;file='scrollbar.bmp' source='54,126,70,142' corner='2,2,2,2' mask='#FFFF00FF'&quot; railnormalimage=&quot;file='scrollbar.bmp' source='0,144,16,160' corner='2,2,2,2' mask='#FFFF00FF'&quot; railhotimage=&quot;file='scrollbar.bmp' source='18,144,34,160' corner='2,2,2,2' mask='#FFFF00FF'&quot; railpushedimage=&quot;file='scrollbar.bmp' source='36,144,52,160' corner='2,2,2,2' mask='#FFFF00FF'&quot; raildisabledimage=&quot;file='scrollbar.bmp' source='54,144,70,160' corner='2,2,2,2' mask='#FFFF00FF'&quot; bknormalimage=&quot;file='scrollbar.bmp' source='0,162,16,178' corner='2,2,2,2' mask='#FFFF00FF'&quot; bkhotimage=&quot;file='scrollbar.bmp' source='18,162,34,178' corner='2,2,2,2' mask='#FFFF00FF'&quot; bkpushedimage=&quot;file='scrollbar.bmp' source='36,162,52,178' corner='2,2,2,2' mask='#FFFF00FF'&quot; bkdisabledimage=&quot;file='scrollbar.bmp' source='54,162,70,178' corner='2,2,2,2' mask='#FFFF00FF'&quot; " />
	<Default name="HScrollBar" value="button1normalimage=&quot;file='scrollbar.bmp' source='0,0,16,16' mask='#FFFF00FF'&quot; button1hotimage=&quot;file='scrollbar.bmp' source='18,0,34,16' mask='#FFFF00FF'&quot; button1pushedimage=&quot;file='scrollbar.bmp' source='36,0,52,16' mask='#FFFF00FF'&quot; button1disabledimage=&quot;file='scrollbar.bmp' source='54,0,70,16' mask='#FFFF00FF'&quot; button2normalimage=&quot;file='scrollbar.bmp' source='0,18,16,34' mask='#FFFF00FF'&quot; button2hotimage=&quot;file='scrollbar.bmp' source='18,18,34,34' mask='#FFFF00FF'&quot; button2pushedimage=&quot;file='scrollbar.bmp' source='36,18,52,34' mask='#FFFF00FF'&quot; button2disabledimage=&quot;file='scrollbar.bmp' source='54,18,70,34' mask='#FFFF00FF'&quot; thumbnormalimage=&quot;file='scrollbar.bmp' source='0,36,16,52' corner='2,2,2,2' mask='#FFFF00FF'&quot; thumbhotimage=&quot;file='scrollbar.bmp' source='18,36,34,52' corner='2,2,2,2' mask='#FFFF00FF'&quot; thumbpushedimage=&quot;file='scrollbar.bmp' source='36,36,52,52' corner='2,2,2,2' mask='#FFFF00FF'&quot; thumbdisabledimage=&quot;file='scrollbar.bmp' source='54,36,70,52' corner='2,2,2,2' mask='#FFFF00FF'&quot; railnormalimage=&quot;file='scrollbar.bmp' source='0,54,16,70' corner='2,2,2,2' mask='#FFFF00FF'&quot; railhotimage=&quot;file='scrollbar.bmp' source='18,54,34,70' corner='2,2,2,2' mask='#FFFF00FF'&quot; railpushedimage=&quot;file='scrollbar.bmp' source='36,54,52,70' corner='2,2,2,2' mask='#FFFF00FF'&quot; raildisabledimage=&quot;file='scrollbar.bmp' source='54,54,70,70' corner='2,2,2,2' mask='#FFFF00FF'&quot; bknormalimage=&quot;file='scrollbar.bmp' source='0,72,16,88' corner='2,2,2,2' mask='#FFFF00FF'&quot; bkhotimage=&quot;file='scrollbar.bmp' source='18,72,34,88' corner='2,2,2,2' mask='#FFFF00FF'&quot; bkpushedimage=&quot;file='scrollbar.bmp' source='36,72,52,88' corner='2,2,2,2' mask='#FFFF00FF'&quot; bkdisabledimage=&quot;file='scrollbar.bmp' source='54,72,70,88' corner='2,2,2,2' mask='#FFFF00FF'&quot; " />
	
	<Default name="Button" value="normalimage=&quot;file='btn_default.png' source='0,0,96,24' fade='200'&quot; hotimage=&quot;file='btn_default.png' source='0,24,96,48' fade='200'&quot; pushedimage=&quot;file='btn_default.png' source='0,48,96,72' fade='200'&quot; " />
    
    
    <VerticalLayout name="VerLayMainFrame" bkimage="file='MainSkin.jpg' corner='10,10,10,10' " bordercolor="#FF00FF00" bordersize="1" >
    	<HorizontalLayout name="HorLayMainFrame" >
    		<VerticalLayout name="VerLayLeftPanel" width="360" bordercolor="#FF00FF00" bordersize="1" >
    		</VerticalLayout>
    		
    		<VerticalLayout name="VerLayRightPanel" bordercolor="#FF0000FF" bordersize="1" >
    			<HorizontalLayout name="RightPanelCaption" height="40" bordercolor="#FF0000FF" bordersize="1" >
    				<VerticalLayout name="RightPanelTitle" width="0" bordercolor="#FF0000FF" bordersize="1" >
    				</VerticalLayout>
    				
    				<VerticalLayout name="RightPanelSystem" width="170" bordercolor="#FF0000FF" bordersize="1" >
    					<Button name="BtnClose" float="true" pos="137,7,0,0" width="25" height="21" normalimage="file='close_normal.png'" hotimage="file='close_hot.png'" pushedimage="file='close_down.png'" disabledimage="file='close_disable.png'" bordercolor="#FF0000FF" bordersize="1" />
    				</VerticalLayout>
    			</HorizontalLayout>
    			<HorizontalLayout name="RightPanelTool" height="75" bordercolor="#FF0000FF" bordersize="1" >
    			</HorizontalLayout>
    			<HorizontalLayout name="RightPanelCaption" bordercolor="#FF0000FF" bordersize="1" >
    			</HorizontalLayout>
    		</VerticalLayout>
    	</HorizontalLayout>
    	<!--浏览器状态栏-->
        <VerticalLayout name="VerLayStatus" height="30" bordercolor="#FFFF0000" bordersize="1" >
        </VerticalLayout>
        <!--浏览器标题栏-->
        <!--VerticalLayout name="VerLayCaption" height="90" bordercolor="#FFFF0000" bordersize="0">
            <HorizontalLayout name="HorLayTitle" height="60" bordercolor="#FFFF0000" bordersize="0">
                <VerticalLayout name="VerLayLogin" width="60" height="60" bordercolor="#FF00FF00" bordersize="1" >
                	<FadeButton name="BtnClose" float="true" pos="0,0,0,0" width="60" height="60" normalimage="file='user_normal.png'" hotimage="file='user_hover.png'" pushedimage="file='user_pushed.png'" />
               	</VerticalLayout>
                <VerticalLayout name="VerLayHead" height="60" bordercolor="#FF00FF00" bordersize="0" >
                	<HorizontalLayout name="VerTitle" height="30" bordercolor="#FF00FF00" bordersize="0" >
                		<VerticalLayout name="VerTitleName" width="200" bordercolor="#FF00FF00" bordersize="0" >
                			<Text name="TextTitle" float="true" pos="0,0,0,0" width="200" height="30" text="360安全浏览器" textcolor="#FFFFFFFF" textpadding="3,0,0,0" font="2" align="left" valign="vcenter" />
                		</VerticalLayout>
                		<VerticalLayout name="VerMenu" bordercolor="#FF00FF00" bordersize="0" >
                		</VerticalLayout>
                		<VerticalLayout name="VerSystemButton" width="200" bordercolor="#FF00FF00" bordersize="0" >
                			<FadeButton name="BtnClose" float="true" pos="153,3,0,0" width="44" height="22" normalimage="file='res/buttons/1/skin_close.png' source='0,0,44,22'" hotimage="file='res/buttons/1/skin_close.png' source='44,0,88,22'" pushedimage="file='res/buttons/1/skin_close.png' source='88,0,132,22'" />
                    		<FadeButton name="BtnRestore" float="true" visible="false" pos="120,3,0,0" width="33" height="22" normalimage="file='res/buttons/1/skin_reduction.png' source='0,0,33,22'" hotimage="file='res/buttons/1/skin_reduction.png' source='33,0,66,22'" pushedimage="file='res/buttons/1/skin_reduction.png' source='66,0,99,22'" />
                    		<FadeButton name="BtnMax" float="true" pos="120,3,0,0" width="33" height="22" normalimage="file='res/buttons/1/skin_max.png' source='0,0,33,22'" hotimage="file='res/buttons/1/skin_max.png' source='33,0,66,22'" pushedimage="file='res/buttons/1/skin_max.png' source='66,0,99,22'" />
                    		<FadeButton name="BtnMin" float="true" pos="84,3,0,0" width="36" height="22" normalimage="file='res/buttons/1/skin_min.png' source='0,0,36,22'" hotimage="file='res/buttons/1/skin_min.png' source='36,0,72,22'" pushedimage="file='res/buttons/1/skin_min.png' source='72,0,108,22'" />
                    		
                    		<FadeButton name="BtnSkin" float="true" pos="51,3,0,0" width="33" height="22" normalimage="file='res/buttons/1/skin_button.png' source='0,0,33,22'" hotimage="file='res/buttons/1/skin_button.png' source='33,0,66,22'" pushedimage="file='res/buttons/1/skin_button.png' source='66,0,99,22'" />
                		</VerticalLayout>
                	</HorizontalLayout>	
                </VerticalLayout>
            </HorizontalLayout>
        </VerticalLayout-->
        
        
        <!--浏览器客户区-->
        <!--VerticalLayout name="VerLayClient" >
        	
        </VerticalLayout!-->
        
        
        <!--浏览器状态栏-->
        <!--VerticalLayout name="VerLayStatus" height="30" bordercolor="#FFFF0000" bordersize="0" >
        </VerticalLayout-->
    </VerticalLayout>
</Window>
